run_id,User上链,自签名时间,Provider Create o-VC,Rule Judgment,Reviewer Verify o-VC,Reviewer Create and Sign o-VP,Transferor Verify o-VP,avg_cpu_percent,peak_memory_mb
1,0.6543350219726562,0.04317593574523926,0.4949791431427002,0.0002129077911376953,0.008128881454467773,0.4798247814178467,0.01834702491760254,6.183999999999999,38.6484375
2,0.5067200660705566,0.011497974395751953,0.4234800338745117,0.0001418590545654297,0.006924152374267578,0.4988222122192383,0.017869949340820312,6.063076923076921,39.1171875
3,0.5632467269897461,0.012038230895996094,0.40259790420532227,0.00014519691467285156,0.00722813606262207,0.49698805809020996,0.01704716682434082,5.217910447761193,39.15625
4,0.5774960517883301,0.018566131591796875,0.37741899490356445,0.00015115737915039062,0.0069577693939208984,0.5047202110290527,0.016244888305664062,6.138805970149254,39.21484375
5,0.4508230686187744,0.011323928833007812,0.5122029781341553,0.0001583099365234375,0.0068628787994384766,0.5032110214233398,0.01698470115661621,4.5208955223880585,39.25390625
6,0.47269392013549805,0.011975765228271484,0.44296693801879883,0.00018405914306640625,0.006745100021362305,0.5502169132232666,0.016009807586669922,4.795522388059703,39.26171875
7,0.42054176330566406,0.011404037475585938,0.5467979907989502,0.0002276897430419922,0.008365869522094727,0.4297919273376465,0.01613783836364746,5.812499999999999,39.265625
8,0.5464959144592285,0.011538982391357422,0.4902479648590088,0.00018405914306640625,0.006788730621337891,0.5047941207885742,0.01673603057861328,5.494285714285714,39.28125
9,0.3771231174468994,0.011317014694213867,0.4841268062591553,0.00021696090698242188,0.007586002349853516,0.5026559829711914,0.017698049545288086,6.332258064516128,39.29296875
10,0.4655129909515381,0.011438131332397461,0.48650074005126953,0.00021195411682128906,0.006705760955810547,0.4954042434692383,0.016530990600585938,5.361538461538461,39.296875
11,0.48543787002563477,0.012048959732055664,0.4904358386993408,0.0002079010009765625,0.007047891616821289,0.4892241954803467,0.016170024871826172,6.054545454545455,39.3125
12,0.482119083404541,0.01459193229675293,0.47426295280456543,0.00021314620971679688,0.00689697265625,0.5720369815826416,0.016134977340698242,5.151470588235291,39.3125
13,0.4108569622039795,0.011584997177124023,0.5673599243164062,0.0002238750457763672,0.0069849491119384766,0.4140949249267578,0.016605854034423828,4.5953124999999995,39.3359375
14,0.5649089813232422,0.011446714401245117,0.3865668773651123,0.0002319812774658203,0.0070650577545166016,0.49720311164855957,0.016355037689208984,5.443939393939394,39.3359375
15,0.48569512367248535,0.011603832244873047,0.504378080368042,0.0002491474151611328,0.006832122802734375,0.5044019222259521,0.016204118728637695,5.132352941176471,39.3359375
16,0.48340797424316406,0.011523008346557617,0.5920968055725098,0.00030303001403808594,0.00710606575012207,0.4028329849243164,0.01618194580078125,4.96268656716418,39.35546875
17,0.4805130958557129,0.011505126953125,0.4685959815979004,0.00027871131896972656,0.012121200561523438,0.4921841621398926,0.016921281814575195,5.700000000000001,39.3671875
18,0.4696381092071533,0.012029886245727539,0.5211710929870605,0.0002639293670654297,0.006867885589599609,0.5047159194946289,0.016194820404052734,4.982352941176471,39.3671875
19,0.4712851047515869,0.011219024658203125,0.4897580146789551,0.000293731689453125,0.007249116897583008,0.4365580081939697,0.01635885238647461,5.649206349206349,39.375
20,0.5599548816680908,0.013160228729248047,0.4084279537200928,0.0002789497375488281,0.006824970245361328,0.5843930244445801,0.0170290470123291,5.156338028169016,39.375
21,0.3999669551849365,0.011317968368530273,0.48088693618774414,0.00028705596923828125,0.007141828536987305,0.5053670406341553,0.016208887100219727,6.041935483870968,39.375
22,0.4879930019378662,0.011526823043823242,0.4893360137939453,0.0002918243408203125,0.007089138031005859,0.5119569301605225,0.017156124114990234,4.776470588235291,39.37890625
23,0.439910888671875,0.01167917251586914,0.47934913635253906,0.000308990478515625,0.0066318511962890625,0.5439820289611816,0.0160369873046875,4.953030303030302,39.37890625
24,0.47683286666870117,0.011887073516845703,0.48975276947021484,0.0003230571746826172,0.006997823715209961,0.45815587043762207,0.016175031661987305,5.521875,39.3828125
25,0.5303769111633301,0.011900186538696289,0.47268199920654297,0.00031495094299316406,0.007103919982910156,0.50484299659729,0.018112897872924805,4.898550724637681,39.38671875
26,0.4201080799102783,0.011636018753051758,0.5592668056488037,0.000335693359375,0.0068929195404052734,0.5047800540924072,0.016911029815673828,5.1850746268656716,39.38671875
27,0.4766669273376465,0.011466026306152344,0.48969388008117676,0.00034809112548828125,0.006947040557861328,0.39757490158081055,0.016299962997436523,6.066129032258063,39.38671875
28,0.47734665870666504,0.011571168899536133,0.5024440288543701,0.0003509521484375,0.006916999816894531,0.4869368076324463,0.016560077667236328,5.767164179104477,39.390625
29,0.4961280822753906,0.011687278747558594,0.4514129161834717,0.0003540515899658203,0.007627964019775391,0.5415470600128174,0.01709914207458496,5.382352941176471,39.39453125
30,0.42195701599121094,0.011388778686523438,0.4824841022491455,0.0003628730773925781,0.006844997406005859,0.4979870319366455,0.018837928771972656,5.836507936507935,39.3984375
31,0.5578339099884033,0.011686086654663086,0.4049510955810547,0.0003781318664550781,0.0066907405853271484,0.5882649421691895,0.016314268112182617,4.378571428571429,39.40234375
32,0.4744727611541748,0.011385917663574219,0.4896581172943115,0.0003731250762939453,0.006860971450805664,0.3933277130126953,0.01607489585876465,5.322580645161288,39.40234375
33,0.4715878963470459,0.011494874954223633,0.5079431533813477,0.0005140304565429688,0.0070400238037109375,0.6062850952148438,0.016760826110839844,4.036111111111111,39.40234375
34,0.3761129379272461,0.012487173080444336,0.4885520935058594,0.00038695335388183594,0.0068361759185791016,0.5050339698791504,0.016048908233642578,5.672580645161291,39.40234375
35,0.48746395111083984,0.011625051498413086,0.48993706703186035,0.0003960132598876953,0.006986856460571289,0.5047774314880371,0.016590118408203125,4.714705882352941,39.40234375
36,0.4701361656188965,0.011719942092895508,0.4073350429534912,0.0004138946533203125,0.00709223747253418,0.4994680881500244,0.016644001007080078,4.722222222222223,39.40625
37,0.46558308601379395,0.012223005294799805,0.48677992820739746,0.00041103363037109375,0.006907939910888672,0.49363017082214355,0.016310930252075195,5.596969696969696,39.4140625
38,0.4730360507965088,0.011588096618652344,0.5017390251159668,0.00042510032653808594,0.007052898406982422,0.47989988327026367,0.016312122344970703,4.690909090909091,39.4140625
39,0.4761841297149658,0.012878894805908203,0.47387194633483887,0.00042819976806640625,0.006721019744873047,0.49742913246154785,0.01606893539428711,5.203030303030303,39.4140625
40,0.4812150001525879,0.011301279067993164,0.5324018001556396,0.0004639625549316406,0.006791114807128906,0.44120121002197266,0.016350984573364258,4.780597014925373,39.4140625
41,0.4650261402130127,0.011802196502685547,0.48072290420532227,0.00044608116149902344,0.006742954254150391,0.5851619243621826,0.016201019287109375,5.151428571428571,39.41796875
42,0.3996310234069824,0.011664152145385742,0.5791549682617188,0.0005099773406982422,0.006864786148071289,0.5045349597930908,0.016649961471557617,5.768656716417911,39.41796875
43,0.38232421875,0.011476993560791016,0.48969197273254395,0.0004589557647705078,0.006577730178833008,0.47850894927978516,0.018019676208496094,5.014516129032258,39.41796875
44,0.49595022201538086,0.011569023132324219,0.48921895027160645,0.0004661083221435547,0.006964921951293945,0.459658145904541,0.016674041748046875,5.303030303030301,39.43359375
45,0.5235719680786133,0.011896133422851562,0.490847110748291,0.0005412101745605469,0.007021903991699219,0.5040221214294434,0.016353130340576172,5.517391304347826,39.4375
46,0.48755669593811035,0.011367321014404297,0.49028921127319336,0.0005710124969482422,0.006710052490234375,0.5044040679931641,0.016156911849975586,5.244776119402982,39.4375
47,0.3955109119415283,0.011488914489746094,0.47643494606018066,0.0004858970642089844,0.006749868392944336,0.6046481132507324,0.016466140747070312,4.677611940298506,39.44140625
48,0.3730130195617676,0.011744022369384766,0.4895949363708496,0.0004887580871582031,0.006929874420166016,0.4789299964904785,0.017267942428588867,5.359677419354839,39.44140625
49,0.4715609550476074,0.015781879425048828,0.5155067443847656,0.0005042552947998047,0.006792783737182617,0.4870147705078125,0.016124963760375977,5.735820895522388,39.44140625
50,0.4898991584777832,0.011475324630737305,0.4894750118255615,0.0005199909210205078,0.006780862808227539,0.4544191360473633,0.016026020050048828,5.112307692307694,39.44140625
